category,claude,deepseek,gemini,gpt,human
Hypothetical Scenarios,9.795409679412842,8.777880668640137,6.452331304550171,7.6970055103302,15.031110763549805
Personal Experience and Storytelling,8.858311176300049,8.143449783325195,5.845339298248291,7.023214101791382,12.915233135223389
Philosophical Concepts,8.981978416442871,7.110836982727051,5.5758888721466064,6.693999290466309,13.535351276397705
Practical Advice and Self-Improvement,9.313605308532715,7.335681676864624,5.41204571723938,6.396339416503906,13.999046325683594
Social and Interpersonal Relationships,9.168781757354736,7.904043912887573,5.669597148895264,6.880382776260376,13.939284324645996
